7,21,2,"13 дюймов","Ремонт колес с одним проколом (камерные) / 13 дюймов","Ремонт колес с одним","13 дюймов",1,1,0,0,0,0,0,0,0
8,21,2,"14 дюймов","Ремонт колес с одним проколом (камерные) / 14 дюймов","Ремонт колес с одним","14 дюймов",1,1,0,0,0,0,0,0,0
9,21,2,"15 дюймов","Ремонт колес с одним проколом (камерные) / 15 дюймов","Ремонт колес с одним","15 дюймов",1,1,0,0,0,0,0,0,0
10,21,2,"16 дюймов ""Нива""","Ремонт колес с одним проколом (камерные) / 16 дюймов ""Нива""","Ремонт колес с одним","16 дюймов ""Нива""",1,1,0,0,0,0,0,0,0
20,23,2,"13 дюймов","Разбортовка / 13 дюймов","Разбортовка","13 дюймов",1,1,0,0,0,0,0,0,0
19,23,2,"14 дюймов","Разбортовка / 14 дюймов","Разбортовка","14 дюймов",1,1,0,0,0,0,0,0,0
21,23,2,"15 дюймов","Разбортовка / 15 дюймов","Разбортовка","15 дюймов",1,1,0,0,0,0,0,0,0
22,23,2,"16 дюймов","Разбортовка / 16 дюймов","Разбортовка","16 дюймов",1,1,0,0,0,0,0,0,0
23,23,2,"17 дюймов","Разбортовка / 17 дюймов","Разбортовка","17 дюймов",1,1,0,0,0,0,0,0,0
24,23,2,"18 дюймов","Разбортовка / 18 дюймов","Разбортовка","18 дюймов",1,1,0,0,0,0,0,0,0
25,25,2,"13 дюймов","Забортовка / 13 дюймов","Забортовка","13 дюймов",1,1,0,0,0,0,0,0,0
26,25,2,"14 дюймов","Забортовка / 14 дюймов","Забортовка","14 дюймов",1,1,0,0,0,0,0,0,0
27,25,2,"15 дюймов","Забортовка / 15 дюймов","Забортовка","15 дюймов",1,1,0,0,0,0,0,0,0
28,25,2,"16 дюймов ""Нива""","Забортовка / 16 дюймов ""Нива""","Забортовка","16 дюймов ""Нива""",1,1,0,0,0,0,0,0,0
29,25,2,"17 дюймов","Забортовка / 17 дюймов","Забортовка","17 дюймов",1,1,0,0,0,0,0,0,0
30,25,2,"18 дюймов","Забортовка / 18 дюймов","Забортовка","18 дюймов",1,1,0,0,0,0,0,0,0
31,26,2,"13 дюймов","Перебортовка / 13 дюймов","Перебортовка","13 дюймов",1,1,0,0,0,0,0,0,0
32,26,2,"14 дюймов","Перебортовка / 14 дюймов","Перебортовка","14 дюймов",1,1,0,0,0,0,0,0,0
33,26,2,"15 дюймов","Перебортовка / 15 дюймов","Перебортовка","15 дюймов",1,1,0,0,0,0,0,0,0
34,26,2,"16 дюймов","Перебортовка / 16 дюймов","Перебортовка","16 дюймов",1,1,0,0,0,0,0,0,0
35,26,2,"17 дюймов","Перебортовка / 17 дюймов","Перебортовка","17 дюймов",1,1,0,0,0,0,0,0,0
36,26,2,"18 дюймов","Перебортовка / 18 дюймов","Перебортовка","18 дюймов",1,1,0,0,0,0,0,0,0
37,26,2,"Автомобиль ""Газель"", ""УАЗ"", Джип","Перебортовка/Газель, Уаз, Джип","Перебортовка","Газель, Уаз, Джип",1,1,0,0,0,0,0,0,0
38,27,2,"13 дюймов","Балансировка / 13 дюймов","Балансировка","13 дюймов",1,1,0,0,0,0,0,0,0
39,27,2,"14 дюймов","Балансировка / 14 дюймов","Балансировка","14 дюймов",1,1,0,0,0,0,0,0,0
40,27,2,"15 дюймов","Балансировка / 15 дюймов","Балансировка","15 дюймов",1,1,0,0,0,0,0,0,0
41,27,2,"16 дюймов","Балансировка / 16 дюймов","Балансировка","16 дюймов",1,1,0,0,0,0,0,0,0
42,27,2,"Автомобиль ""Газель"", ""УАЗ""","Балансировка / Автомобиль ""Газель"", ""УАЗ""","Балансировка","Автомобиль ""Газель"",",1,1,0,0,0,0,0,0,0
43,27,2,"17 дюймов","Балансировка / 17 дюймов","Балансировка","17 дюймов",1,1,0,0,0,0,0,0,0
44,27,2,"18 дюймов","Балансировка / 18 дюймов","Балансировка","18 дюймов",1,1,0,0,0,0,0,0,0
45,28,2,"13 дюймов","Ремонт б/кам. покрышки по протектору / 13 дюймов","Ремонт б/кам. покрыш","13 дюймов",1,1,0,0,0,0,0,10,5
46,28,2,"14 дюймов","Ремонт б/кам. покрышки по протектору / 14 дюймов","Ремонт б/кам. покрыш","14 дюймов",1,1,0,0,0,0,0,20,0
47,28,2,"15 дюймов","Ремонт б/кам. покрышки по протектору / 15 дюймов","Ремонт б/кам. покрыш","15 дюймов",1,1,0,0,0,0,0,5,0
48,28,2,"16 дюймов","Ремонт б/кам. покрышки по протектору / 16 дюймов","Ремонт б/кам. покрыш","16 дюймов",1,1,0,0,0,0,0,10,0
49,28,2,"17 дюймов","Ремонт б/кам. покрышки по протектору / 17 дюймов","Ремонт б/кам. покрыш","17 дюймов",1,1,0,0,0,0,0,0,0
50,28,2,"18 дюймов","Ремонт б/кам. покрышки по протектору / 18 дюймов","Ремонт б/кам. покрыш","18 дюймов",1,1,0,0,0,0,0,0,0
51,28,2,"19 дюймов","Ремонт б/кам. покрышки по протектору / 19 дюймов","Ремонт б/кам. покрыш","19 дюймов",1,1,0,0,0,0,0,0,0
52,28,2,"20 дюймов","Ремонт б/кам. покрышки по протектору / 20 дюймов","Ремонт б/кам. покрыш","20 дюймов",1,1,0,0,0,0,0,0,0
53,28,2,"21 дюймов","Ремонт б/кам. покрышки по протектору / 21 дюймов","Ремонт б/кам. покрыш","21 дюймов",1,1,0,0,0,0,0,0,0
54,28,2,"22 дюймов","Ремонт б/кам. покрышки по протектору / 22 дюймов","Ремонт б/кам. покрыш","22 дюймов",1,1,0,0,0,0,0,15,0
55,29,2,"15 дюймов","Низ. проф. ремонт б/кам. покрышки по протектору / 15 дюймов","Низ. проф. ремонт б/","15 дюймов",1,1,0,0,0,0,0,0,0
56,29,2,"16 дюймов","Низ. проф. ремонт б/кам. покрышки по протектору / 16 дюймов","Низ. проф. ремонт б/","16 дюймов",1,1,0,0,0,0,0,0,0
57,29,2,"17 дюймов","Низ. проф. ремонт б/кам. покрышки по протектору / 17 дюймов","Низ. проф. ремонт б/","17 дюймов",1,1,0,0,0,0,0,0,0
58,30,2,"13 дюймов","Автоматическая правка дисков / 13 дюймов","Автом. правка дисков","13 дюймов",1,1,0,0,0,0,0,0,0
59,30,2,"14 дюймов","Автоматическая правка дисков / 14 дюймов","Автом. правка дисков","14 дюймов",1,1,0,0,0,0,0,0,0
60,30,2,"15 дюймов","Автоматическая правка дисков / 15 дюймов","Автом. правка дисков","15 дюймов",1,1,0,0,0,0,0,0,0
61,30,2,"16 дюймов","Автоматическая правка дисков / 16 дюймов","Автом. правка дисков","16 дюймов",1,1,0,0,0,0,0,0,0
62,30,2,"Автомобиль ""Газель""","Автоматическая правка дисков / Автомобиль ""Газель""","Автом. правка дисков","Автомобиль ""Газель""",1,1,0,0,0,0,0,0,0
63,31,1,"до 15 гр. вкл.","Расходные материалы/грузики до 15 гр.","Расх. материалы","грузики до 15гр.",1,1,0,0,0,0,0,0,0
64,31,1,"от 20 до 60 гр.","Расходные материалы/ грузики от 20 до 60 гр","Расх. материалы","от 20 до 60 гр.",1,1,0,0,0,0,0,0,0
65,31,1,"более 60 гр.","Расходные материалы/грузики более 60 гр.","Расх. материалы","более 60 гр.",1,1,0,0,0,0,0,0,0
66,31,1,"Алюминиевые","Расходные материалы/грузики алюм.","Расх. материалы","Алюминиевые",1,1,0,0,0,0,0,0,0
67,31,1,"Грузик Липучка (пластины)","Расходные материалы/грузик липучка(пл)","Расх. материалы","Грузик Липучка (пл.)",5,1,0,0,0,0,0,0,0
68,31,1,"Грузик Липучка (грамм)","Расходные материалы/грузик липучка(гр)","Расх. материалы","Грузик Липучка (гр.)",6,1,0,0,0,0,0,0,0
69,31,1,"Вентиль","Расходные материалы/вентиль","Расх. материалы","Вентиль",1,1,0,0,0,0,0,0,0
70,32,2,"13-20 дюймов","Правка и вытяжка легкосплавных дисков / 13-20 дюймов","Правка/вытяжка диска","13-20 дюймов",1,1,0,0,0,0,0,0,0
71,33,2,"за одно колесо","Мойка колеса / за одно колесо","Мойка колеса","за одно колесо",1,1,0,0,0,0,0,0,0
72,34,2,"12-22 дюйма","Чистка дисков / 12-22 дюйма","Чистка дисков","12-22 дюйма",1,1,0,0,0,0,0,0,0
73,35,2,"140 шипов","Шиповка шиповальным п/автоматом / 140 шипов","Шиповка п/автоматич.","140 шипов",1,1,0,0,0,0,0,0,0
74,36,1,"140 шипов","Шиповка ручная / 140 шипов","Шиповка ручная","140 шипов",1,1,0,0,0,0,0,0,0
75,37,2,"4 шпильки","Монтаж колес / 4 шпильки","Монтаж  колес (4шп.)","4 шпильки",1,1,0,0,0,0,0,0,0
76,37,2,"5 шпилек","Монтаж колес / 5 шпилек","Монтаж колес (5шп.)","5 шпилек",1,1,0,0,0,0,0,15,0
77,37,2,"6 шпилек","Монтаж колес / 6 шпилек","Монтаж колес (6шп.)","6 шпилек",1,1,0,0,0,0,0,0,0
78,37,2,"джип","Монтаж колес / джип","Монтаж колес (джип)","джип",1,1,0,0,0,0,0,0,0
79,38,2,"колесо","Проверка на герметичность / колесо","Проверка на гермет.","колесо",1,1,0,0,0,0,0,0,0
80,39,2,"легковой автомобиль","Заклейка камеры/легковой автомобиль","Заклейка камеры","легковой автомобиль",1,1,0,0,0,0,0,0,0
81,40,2,"шт","Приварка грузового вентиля к камере / шт","Приварка гр.вентиля","шт",1,1,0,0,0,0,0,0,0
82,41,1,"шт","Приварка легкового вентиля к камере / шт","Приварка лег.вентиля","шт",1,1,0,0,0,0,0,0,0
83,42,2,"15 дюймов","Низкопрофильная забортовка-разбортовка / 15 дюймов","Низ. забортовка","15 дюймов",1,1,0,0,0,0,0,0,0
84,42,2,"16 дюймов","Низкопрофильная забортовка-разбортовка / 16 дюймов","Низ. забортовка","16 дюймов",1,1,0,0,0,0,0,0,0
85,42,2,"17 дюймов","Низкопрофильная забортовка-разбортовка / 17 дюймов","Низ. забортовка","17 дюймов",1,1,0,0,0,0,0,0,0
86,42,2,"18 дюймов","Низкопрофильная забортовка-разбортовка / 18 дюймов","Низ. забортовка","18 дюймов",1,1,0,0,0,0,0,0,0
87,42,2,"19 дюймов","Низкопрофильная забортовка-разбортовка / 19 дюймов","Низ. забортовка","19 дюймов",1,1,0,0,0,0,0,0,0
88,42,2,"20 дюймов","Низкопрофильная забортовка-разбортовка / 20 дюймов","Низ. забортовка","20 дюймов",1,1,0,0,0,0,0,0,0
89,42,2,"21 дюймов","Низкопрофильная забортовка-разбортовка / 21 дюймов","Низ. забортовка","21 дюймов",1,1,0,0,0,0,0,0,0
90,42,2,"22 дюймов","Низкопрофильная забортовка-разбортовка / 22 дюймов","Низ. забортовка","22 дюймов",1,1,0,0,0,0,0,0,0
91,43,2,"15 дюймов","Низкопрофильная перебортовка / 15 дюймов","Низ. перебортовка","15 дюймов",1,1,0,0,0,0,0,0,0
92,43,2,"16 дюймов","Низкопрофильная перебортовка / 16 дюймов","Низ. перебортовка","16 дюймов",1,1,0,0,0,0,0,0,0
93,43,2,"17 дюймов","Низкопрофильная перебортовка / 17 дюймов","Низ. перебортовка","17 дюймов",1,1,0,0,0,0,0,0,0
94,43,2,"18 дюймов","Низкопрофильная перебортовка / 18 дюймов","Низ. перебортовка","18 дюймов",1,1,0,0,0,0,0,0,0
95,43,2,"19 дюймов","Низкопрофильная перебортовка / 19 дюймов","Низ. перебортовка","19 дюймов",1,1,0,0,0,0,0,0,0
96,43,2,"20 дюймов","Низкопрофильная перебортовка / 20 дюймов","Низ. перебортовка","20 дюймов",1,1,0,0,0,0,0,0,0
97,43,2,"21 дюймов","Низкопрофильная перебортовка / 21 дюймов","Низ. перебортовка","21 дюймов",1,1,0,0,0,0,0,0,0
98,43,2,"22 дюймов","Низкопрофильная перебортовка / 22 дюймов","Низ. перебортовка","22 дюймов",1,1,0,0,0,0,0,0,0
99,44,2,"15 дюймов","Низкопрофильная балансировка / 15 дюймов","Низ. балансировка","15 дюймов",1,1,0,0,0,0,0,0,0
100,44,2,"16 дюймов","Низкопрофильная балансировка / 16 дюймов","Низ. балансировка","16 дюймов",1,1,0,0,0,0,0,0,0
101,44,2,"17 дюймов","Низкопрофильная балансировка / 17 дюймов","Низ. балансировка","17 дюймов",1,1,0,0,0,0,0,0,0
102,44,2,"18 дюймов","Низкопрофильная балансировка / 18 дюймов","Низ. балансировка","18 дюймов",1,1,0,0,0,0,0,0,0
103,44,2,"19 дюймов","Низкопрофильная балансировка / 19 дюймов","Низ. балансировка","19 дюймов",1,1,0,0,0,0,0,0,0
104,44,2,"20 дюймов","Низкопрофильная балансировка / 20 дюймов","Низ. балансировка","20 дюймов",1,1,0,0,0,0,0,0,0
105,44,2,"21 дюймов","Низкопрофильная балансировка / 21 дюймов","Низ. балансировка","21 дюймов",1,1,0,0,0,0,0,0,0
106,44,2,"22 дюймов","Низкопрофильная балансировка / 22 дюймов","Низкопрофильная бала","22 дюймов",1,1,0,0,0,0,0,0,0
107,45,2,"снять колесо ""Газель""","Снять колесо переднее(заднее наруж.) ""Газель""","Снять колесо Газель","перед/зад",1,1,0,0,0,0,0,0,0
108,46,2,"снять колесо заднее внут. ""Газель""","Снять колесо заднее внутреннее""Газель""","Снять колесо Газель","заднее ",1,1,0,0,0,0,0,0,0
109,47,2,"снять колесо заднее внут. c футорками ""Газель""","Cнять колесо заднее внут. c футорками ""Газель""","Cнять колесо Газель","заднее с футорками",1,1,0,0,0,0,0,0,0
110,48,2,"cнять колесо заднее нар. c футорками ""Газель""","Cнять колесо заднее нар. c футорками ""Газель""","Cнять колесо Газель","наружное с футорками",1,1,0,0,0,0,0,0,0
111,49,2,"утилизация покрышек","Утилизация покрышек / утилизация покрышек","Утилизация покрышек","шт",1,1,0,0,0,0,0,0,0
112,50,2,"сложный ремонт колеса","Сложный ремонт колес/один прокол","Сложный ремонт колес","один прокол",1,1,0,0,0,0,0,0,0
162,76,2,"сложный ремонт","Сложный ремонт колеса (>2 проколов) / сложный ремонт","Сложный ремонт колес","сложный ремонт",1,1,0,0,0,0,0,0,0
113,51,2,"легковый а/м","Подкачка колес / легковый а/м","Подкачка колес","легковый а/м",1,1,0,0,0,0,0,0,0
114,51,2,"со снятием колпака","Подкачка колес / со снятием колпака","Подкачка колес","со снятием колпака",1,1,0,0,0,0,0,0,0
115,51,2,"""Газель"", ""ЗиЛ"", грузовые","Подкачка колес / ""Газель"", ""ЗиЛ"", грузовые","Подкачка колес","""Газель"", ""ЗиЛ"", гр.",1,1,0,0,0,0,0,0,0
116,53,2,"13 дюймов","Покраска мет. дисков / 13 дюймов","Покраска мет. дисков","13 дюймов",1,1,0,0,0,0,0,0,0
117,53,2,"14 дюймов","Покраска мет. дисков / 14 дюймов","Покраска мет. дисков","14 дюймов",1,1,0,0,0,0,0,0,0
118,53,2,"15 дюймов","Покраска мет. дисков / 15 дюймов","Покраска мет. дисков","15 дюймов",1,1,0,0,0,0,0,0,0
119,53,2,"16 дюймов","Покраска мет. дисков / 16 дюймов","Покраска мет. дисков","16 дюймов",1,1,0,0,0,0,0,0,0
120,54,2,"13 дюймов","Покраска литых дисков / 13 дюймов","Покраска литья","13 дюймов",1,1,0,0,0,0,0,0,0
121,54,2,"14 дюймов","Покраска литых дисков / 14 дюймов","Покраска литья","14 дюймов",1,1,0,0,0,0,0,0,0
122,54,2,"15 дюймов","Покраска литых дисков / 15 дюймов","Покраска литья","15 дюймов",1,1,0,0,0,0,0,0,0
123,54,2,"16 дюймов","Покраска литых дисков / 16 дюймов","Покраска литья","16 дюймов",1,1,0,0,0,0,0,0,0
124,54,2,"17 дюймов и более","Покраска литых дисков / 17 дюймов и более","Покраска литья","17 дюймов и более",1,1,0,0,0,0,0,0,0
125,55,2,"одна гайка/болт","Протяжка динам. ключем / одна гайка/болт","Протяжка динам. ключ","одна гайка/болт",1,1,0,0,0,0,0,0,0
126,56,2,"пакет для упаковки","Пакет для упаковки колес / пакет для упаковки","Пакет для колеса","шт",1,1,0,0,0,0,0,0,0
129,58,1,"55555555","Бортовка / 55555555","Бортовка","55555555",1,1,0,0,0,0,0,0,0
130,21,1,"Автомобиль ""Газель"", ""УАЗ""","Автомобиль ""Газель"", ""УАЗ""","Ремонт колес с одним","null",1,1,0,0,0,0,0,0,0
131,21,1,"Груз с кольц.","Ремонт колес с одним проколом / Груз с кольц.","Ремонт колес с одним","null",1,1,0,0,0,0,0,0,0
132,65,1,"13 дюймов","Обмен дисков"," Обмен дисков","13 дюймов",1,1,0,0,0,0,0,0,0
133,65,1,"14 дюймов","Обмен дисков","Обмен дисков","14 дюймов",1,1,0,0,0,0,0,0,0
134,65,1,"15 дюймов","Обмен дисков","Обмен дисков","15 дюймов",1,1,0,0,0,0,0,0,0
135,65,1,"16 дюймов","Обмен дисков"," Обмен дисков","16 дюймов",1,1,0,0,0,0,0,0,0
137,65,1,"13 дюймов (б.п.)","Обмен дисков/13 дюймов (б.п.)"," Обмен дисков","13 дюймов (б.п.)",1,1,0,0,0,0,0,0,0
138,65,1,"14 дюймов (б.п.)","Обмен дисков/14 дюймов (б.п.)"," Обмен дисков","14 дюймов (б.п.)",1,1,0,0,0,0,0,0,0
139,65,1,"15 дюймов (б.п.)","Обмен дисков/15 дюймов (б.п.)"," Обмен дисков","15 дюймов (б.п.)",1,1,0,0,0,0,0,0,0
140,65,1,"16 дюймов (б.п.)","Обмен дисков/16 дюймов (б.п.)"," Обмен дисков","16 дюймов (б.п.)",1,1,0,0,0,0,0,0,0
141,66,1,"13 дюймов","Покраска металл. дисков хромом /13 дюймов","Покраска хромом(мет)","13 дюймов",1,1,0,0,0,0,0,0,0
142,66,1,"14 дюймов","Покраска металл. дисков хромом/14 дюймов","Покраска хромом мета","null",1,1,0,0,0,0,0,0,0
143,66,1,"15 дюймов","Покраска металл. дисков хромом/15 дюймов","Покраска хромом(мет)","15 дюймов",1,1,0,0,0,0,0,0,0
144,66,1,"16 дюймов","Покраска металл. дисков хромом/16 дюймов","Покраска хромом мета","16 дюймов",1,1,0,0,0,0,0,0,0
145,67,1,"13 дюймов","Пескоструйка (штамп)/13 дюймов","Пескоструйка (штамп)","13 дюймов",1,1,0,0,0,0,0,0,0
146,67,1,"14 дюймов","Пескоструйка (штамп)/14 дюймов","Пескоструйка (штамп)","14 дюймов",1,1,0,0,0,0,0,0,0
147,67,1,"15 дюймов","Пескоструйка (штамп) / 15 дюймов","Пескоструйка (штамп)","15 дюймов",1,1,0,0,0,0,0,0,0
148,67,1,"16 дюймов","Пескоструйка (штамп) / 16 дюймов","Пескоструйка (штамп)","16 дюймов",1,1,0,0,0,0,0,0,0
149,67,1,"16 дюймов (груз)","Пескоструйка (штамп) / 16 дюймов (груз)","Пескоструйка (штамп)","17 дюймов (груз)",1,1,0,0,0,0,0,0,0
150,67,1,"17,5 дюймов","Пескоструйка (штамп) / 17,5 дюймов","Пескоструйка (штамп)","17,5 дюймов",1,1,0,0,0,0,0,0,0
152,68,1,"13 дюймов","Пескоструйка (литье) /13 дюймов","Пескоструйка (литье)","13 дюймов",1,1,0,0,0,0,0,0,0
157,68,1,"15 дюймов","Пескоструйка (литье) /15 дюймов","Пескоструйка (литье)","15 дюймов",1,1,0,0,0,0,0,0,0
154,68,1,"14 дюймов","Пескоструйка (литье) /14 дюймов","Пескоструйка (литье)","14 дюймов",1,1,0,0,0,0,0,0,0
158,68,1,"16 дюймов","Пескоструйка (литье) /16 дюймов","Пескоструйка (литье)","16 дюймов",1,1,0,0,0,0,0,0,0
159,68,1,"17 дюймов","Пескоструйка (литье) /17 дюймов","Пескоструйка (литье)","17 дюймов",1,1,0,0,0,0,0,0,0
160,68,1,"18 дюймов","Пескоструйка (литье) /18 дюймов","Пескоструйка (литье)","18 дюймов",1,1,0,0,0,0,0,0,0
161,31,1,"Пакет для колеса","Пакет для колеса","Расходные материалы","Пакет для колеса",1,1,0,0,0,0,0,0,0
163,39,1,"грузовой автомобиль","Заклейка камеры/грузовой автомобиль","Заклейка камеры","грузовой автомобиль",1,1,0,0,0,0,0,0,0
164,31,1,"Колпачек для колеса","Расходные материалы/Колпачек для колеса","Расходные материалы","Колпачек для колеса",1,1,0,0,0,0,0,0,0
165,77,1,"Шиномонтажные услуги","Шиномонтажные услуги","Шиномонтажные услуги","на сумму",1,1,0,0,0,0,0,0,0
166,79,1,"за колесо","Ручная правка дисков/за колесо","Ручная правка дисков","за колесо",1,1,0,0,0,0,0,0,0
167,80,1,"за колесо","Проверка балансировки","Проверка балансир.","за колесо",1,1,0,0,0,0,0,0,0
168,83,1,"за колесо","Проверка на герметичность","Проверка на герметич","за колесо",1,1,0,0,0,0,0,0,0
177,405,1,"Шайбы ВАЗ","","","",1,1,0,0,0,0,0,0,0
178,405,1,"Шайбы ""Волга""","","","",1,1,0,0,0,0,0,0,0
179,405,1,"Шайбы джип","","","",1,1,0,0,0,0,0,0,0
180,404,1,"Классика","","","",1,1,0,0,0,0,0,0,0
181,404,1,"Нива","","","",1,1,0,0,0,0,0,0,0
182,404,1,"ВАЗ-08, 09","","","",1,1,0,0,0,0,0,0,0
183,404,1,"Иномарка","","","",1,1,0,0,0,0,0,0,0
184,380,1,"","","","",0,0,0,0,0,0,0,0,0
185,380,1,"","","","",0,0,0,0,0,0,0,0,0
186,380,1,"","","","",0,0,0,0,0,0,0,0,0
187,380,1,"","","","",0,0,0,0,0,0,0,0,0
188,380,1,"","","","",0,0,0,0,0,0,0,0,0
189,380,1,"","","","",0,0,0,0,0,0,0,0,0
190,380,1,"","","","",0,0,0,0,0,0,0,0,0
191,380,1,"","","","",0,0,0,0,0,0,0,0,0
192,380,1,"","","","",0,0,0,0,0,0,0,0,0
193,380,1,"","","","",0,0,0,0,0,0,0,0,0
194,380,1,"","","","",0,0,0,0,0,0,0,0,0
195,380,1,"","","","",0,0,0,0,0,0,0,0,0
219,424,2,"13 дюймов","Перебортовка / 13 дюймов","Перебортовка","13 дюймов",1,1,0,0,0,0,0,0,0
218,424,2,"14 дюймов","Перебортовка / 14 дюймов","Перебортовка","14 дюймов",1,1,0,0,0,0,0,0,0
220,425,2,"13 дюймов","Разбортовка / 13 дюймов","Разбортовка","13 дюймов",1,1,0,0,0,0,0,0,0
221,425,2,"14 дюймов","Разбортовка / 14 дюймов","Разбортовка","null",1,1,0,0,0,0,0,0,0
222,425,2,"15 дюймов, ""Нива"", ""Волга""","Разбортовка / 15 дюймов, ""Нива""","Разбортовка","null",1,1,0,0,0,0,0,0,0
211,424,2,"15 дюймов, ""Нива"", ""Волга""","Перебортовка / 15 дюймов, ""Нива""","Перебортовка","15дюймов, ""Нива""",1,1,0,0,0,0,0,0,0
212,424,2,"16  дюймов","Перебортовка / 16  дюймов","Перебортовка","16  дюймов",1,1,0,0,0,0,0,0,0
213,424,2,"15 дюймов, джип","Перебортовка / 15 дюймов, джип","Перебортовка","15 дюймов, джип",1,1,0,0,0,0,0,0,0
214,424,2,"16 дюймов, джип","Перебортовка / 16 дюймов, джип","Перебортовка","null",1,1,0,0,0,0,0,0,0
215,424,2,"17 дюймов, джип","Перебортовка / 17 дюймов, джип","Перебортовка","17 дюймов, джип",1,1,0,0,0,0,0,0,0
216,424,2,"18 дюймов, джип","Перебортовка / 18 дюймов, джип","Перебортовка","18 дюймов, Джип",1,1,0,0,0,0,0,0,0
217,424,2,"М/автобус, ""Газель"", УАЗ, ""Соболь""","Перебортовка / М/автобус, ""Газель"", УАЗ, ""Соболь""","Перебортовка","М/автобус, ""Газель"",",1,1,0,0,0,0,0,0,0
223,425,2,"16 дюймов","Разбортовка / 16 дюймов","Разбортовка","",1,1,0,0,0,0,0,0,0
224,425,2,"17 дюймов","Разбортовка / 17 дюймов","Разбортовка","17 дюймов",1,1,0,0,0,0,0,0,0
225,425,2,"18 дюймов","Разбортовка / 18 дюймов","Разбортовка","null",1,1,0,0,0,0,0,0,0
229,426,2,"13 дюймов","Забортовка / 13 дюймов","Забортовка","13 дюймов",1,1,0,0,0,0,0,0,0
228,426,2,"14 дюймов","Забортовка / 14 дюймов","Забортовка","14 дюймов",1,1,0,0,0,0,0,0,0
227,426,2,"15 дюймов, ""Нива"", ""Волга""","Забортовка / 15 дюймов, ""Нива""","Забортовка","15 дюймов, ""Нива""",1,1,0,0,0,0,0,0,0
230,426,2,"16 дюймов, микроавтобус","Забортовка / 16 дюймов, микроавтобус","Забортовка","16 дюймов, микроавто",1,1,0,0,0,0,0,0,0
231,426,2,"17 дюймов","Забортовка / 17 дюймов","Забортовка","17 дюймов",1,1,0,0,0,0,0,0,0
232,426,2,"18 дюймов","Забортовка / 18 дюймов","Забортовка","18 дюймов",1,1,0,0,0,0,0,0,0
284,435,2,"13 дюймов","Балансировка / 13 дюймов","Балансировка","13 дюймов",1,1,0,0,0,0,0,0,0
285,435,2,"14 дюймов","Балансировка / 14 дюймов","Балансировка","14 дюймов",1,1,0,0,0,0,0,0,0
286,435,2,"15 дюймов, ""Нива"", ""Волга""","Балансировка / 15 дюймов, ""Нива""","Балансировка","15 дюймов",1,1,0,0,0,0,0,0,0
288,435,2,"16 дюймов","Балансировка / 16 дюймов","Балансировка","16 дюймов",1,1,0,0,0,0,0,0,0
289,435,2,"Микроавтобус, ""Газель"", УАЗ, ""Соболь""","Балансировка / Микроавтобус, ""Газель"", УАЗ, ""Соболь""","Балансировка","Микроавтобус,""Газель",1,1,0,0,0,0,0,0,0
290,435,2,"Джип","Балансировка / Джип","Балансировка","Джип",1,1,0,0,0,0,0,0,0
291,435,2,"17 дюймов","Балансировка / 17 дюймов","Балансировка","17 дюймов",1,1,0,0,0,0,0,0,0
241,427,2,"13 дюймов","null","Ремонт колёс с одним","null",1,1,0,0,0,0,0,0,0
242,427,2,"14 дюймов","null","Ремонт колёс с одним","null",1,1,0,0,0,0,0,0,0
243,427,2,"15 дюймов, ""Нива""","null","Ремонт колёс с одним","null",1,1,0,0,0,0,0,0,0
244,427,2,"16 дюймов","null","Ремонт колёс с одним","null",1,1,0,0,0,0,0,0,0
245,427,2,"""Газель"", УАЗ, ""Соболь""","null","Ремонт колёс с одним","null",1,1,0,0,0,0,0,0,0
246,427,2,"Грузовое с кольцом","null","Ремонт колёс с одним","null",1,1,0,0,0,0,0,0,0
247,428,1,"","","","",0,0,0,0,0,0,0,0,0
248,429,2,"13 дюймов","Ремонт б/к покрышки по протектору / 13 дюймов","Ремонт б/к покрышки ","13 дюймов",1,1,0,0,0,0,0,0,0
249,429,2,"14 дюймов","Ремонт б/к покрышки по протектору / 14 дюймов","Ремонт б/к покрышки ","14 дюймов",1,1,0,0,0,0,0,0,0
250,429,2,"15 дюймов","Ремонт б/к покрышки по протектору / 15 дюймов","Ремонт б/к покрышки ","15 дюймов",1,1,0,0,0,0,0,0,0
251,429,2,"15 дюймов, джип","Ремонт б/к покрышки по протектору / 15 дюймов, джип","Ремонт б/к покрышки ","15 дюймов, джип",1,1,0,0,0,0,0,0,0
252,429,2,"16 дюймов","Ремонт б/к покрышки по протектору / 16 дюймов","Ремонт б/к покрышки ","16 дюймов",1,1,0,0,0,0,0,0,0
253,429,2,"16 дюймов, джип, микроавтобус","Ремонт б/к покрышки по протектору / Микроавтобус","Ремонт б/к покрышки ","Микроавтобус",1,1,0,0,0,0,0,0,0
254,429,2,"17 дюймов","Ремонт б/к покрышки по протектору / 17 дюймов","Ремонт б/к покрышки ","17 дюймов",1,1,0,0,0,0,0,0,0
255,429,2,"18 дюймов","Ремонт б/к покрышки по протектору / 18 дюймов","Ремонт б/к покрышки ","18 дюймов",1,1,0,0,0,0,0,0,0
256,429,2,"19 дюймов, грузовые","Ремонт б/к покрышки по протектору / 19 дюймов, грузовые","Ремонт б/к покрышки ","19 дюймов, грузовые",1,1,0,0,0,0,0,0,0
257,429,2,"20 дюймов","Ремонт б/к покрышки по протектору / 20 дюймов","Ремонт б/к покрышки ","20 дюймов",1,1,0,0,0,0,0,0,0
258,429,2,"21 дюйм","Ремонт б/к покрышки по протектору / 21 дюйм","Ремонт б/к покрышки ","21 дюйм",1,1,0,0,0,0,0,0,0
259,429,2,"22 дюйма, Hummer","Ремонт б/к покрышки по протектору / 22 дюйма, Hummer","Ремонт б/к покрышки ","22 дюйма, Hummer",1,1,0,0,0,0,0,0,0
260,430,2,"15 дюймов","Низкопроф. ремонт б/к покрышки по протектору / 15 дюймов","Низкопроф. ремонт б/","15 дюймов",1,1,0,0,0,0,0,0,0
261,430,2,"16 дюймов","Низкопроф. ремонт б/к покрышки по протектору / 16 дюймов","Низкопроф. ремонт б/","16 дюймов",1,1,0,0,0,0,0,0,0
262,430,2,"17 дюймов","Низкопроф. ремонт б/к покрышки по протектору / 17 дюймов","Низкопроф. ремонт б/","17 дюймов",1,1,0,0,0,0,0,0,0
263,431,2,"13 дюймов","Автоматическая правка дисков / 13 дюймов","Автоматическая правк","13 дюймов",1,1,0,0,0,0,0,0,0
264,431,2,"14 дюймов","Автоматическая правка дисков / 14 дюймов","Автоматическая правк","14 дюймов",1,1,0,0,0,0,0,0,0
265,431,2,"15 дюймов, ""Нива"", ""Волга""","Автоматическая правка дисков / 15 дюймов, ""Нива""","Автоматическая правк","15 дюймов, ""Нива""",1,1,0,0,0,0,0,0,0
266,431,2,"16 дюймов","Автоматическая правка дисков / 16 дюймов","Автоматическая правк","16 дюймов",1,1,0,0,0,0,0,0,0
267,431,2,"М/автобус, ""Газель"", ""Соболь""","Автоматическая правка дисков / М/автобус, ""Газель"", ""Соболь""","Автоматическая правк","М.автобус,""Газель""",1,1,0,0,0,0,0,0,0
268,432,2,"13 дюймов","Пескоструйная обработка штампованных дисков / 13 дюймов","Ремонт штампованных ","13 дюймов",1,1,0,0,0,0,0,0,0
269,433,2,"13 дюймов","Пескоструйная обработка литых дисков / 13 дюймов","Пескоструйная обрабо","13 дюймов",1,1,0,0,0,0,0,0,0
270,433,2,"14 дюймов","Пескоструйная обработка литых дисков / 14 дюймов","Пескоструйная обрабо","14 дюймов",1,1,0,0,0,0,0,0,0
271,433,2,"15 дюймов","Пескоструйная обработка литых дисков / 15 дюймов","Пескоструйная обрабо","15 дюймов",1,1,0,0,0,0,0,0,0
272,433,2,"16 дюймов","Пескоструйная обработка литых дисков / 16 дюймов","Пескоструйная обрабо","16 дюймов",1,1,0,0,0,0,0,0,0
273,433,2,"17 дюймов","Пескоструйная обработка литых дисков / 17 дюймов","Пескоструйная обрабо","17 дюймов",1,1,0,0,0,0,0,0,0
274,433,2,"18 дюймов","Пескоструйная обработка литых дисков / 18 дюймов","Пескоструйная обрабо","18 дюймов",1,1,0,0,0,0,0,0,0
338,443,2,"13 дюймов","Покраска литых дисков / 13 дюймов","Покраска литых диско","13 дюймов",1,1,0,0,0,0,0,0,0
339,443,2,"14 дюймов","Покраска литых дисков / 14 дюймов","Покраска литых диско","14 дюймов",1,1,0,0,0,0,0,0,0
340,443,2,"15 дюймов","Покраска литых дисков / 15 дюймов","Покраска литых диско","15 дюймов",1,1,0,0,0,0,0,0,0
341,443,2,"16 дюймов","Покраска литых дисков / 16 дюймов","Покраска литых диско","16 дюймов",1,1,0,0,0,0,0,0,0
342,443,2,"17 дюймов и более","Покраска литых дисков / 17 дюймов и более","Покраска литых диско","17 дюймов и более",1,1,0,0,0,0,0,0,0
281,434,2,"Гайка/болт","Протяжка динамометрическим ключём / Гайка/болт","Протяжка динамометри","Гайка/болт",1,1,0,0,0,0,0,0,0
282,416,1,"Вентиль","Расходные материалы / Вентиль","Расходные материалы","Вентиль",1,1,0,0,0,0,0,0,0
283,416,1,"Пакет","Расходные материалы / Пакет","Расходные материалы","Пакет",1,1,0,0,0,0,0,0,0
292,435,2,"18 дюймов","Балансировка / 18 дюймов","Балансировка","18 дюймов",1,1,0,0,0,0,0,0,0
293,436,1,"До 15 г вкл.","Грузики / До 15 г вкл.","Грузик","До 15 г вкл.",1,1,0,0,0,0,0,0,0
294,436,1,"20 - 60 г","Грузики / 20 - 60 г","Грузик","20 - 60 г",1,1,0,0,0,0,0,0,0
295,436,1,"Более 60 г","Грузики / Более 60 г","Грузик","Более 60 г",1,1,0,0,0,0,0,0,0
296,432,2,"14 дюймов","Пескоструйная обработка штампованных дисков / 14 дюймов","Ремонт штампованных ","14 дюймов",1,1,0,0,0,0,0,0,0
297,432,2,"15 дюймов","Пескоструйная обработка штампованных дисков / 15 дюймов","Ремонт штампованных ","15 дюймов",1,1,0,0,0,0,0,0,0
298,432,2,"16 дюймов","Пескоструйная обработка штампованных дисков / 16 дюймов","Ремонт штампованных ","16 дюймов",1,1,0,0,0,0,0,0,0
299,432,2,"16 дюймов, груз.","Пескоструйная обработка штампованных дисков / 16 дюймов, груз.","Ремонт штампованных ","16 дюймов, груз.",1,1,0,0,0,0,0,0,0
300,432,2,"17,5 дюймов, груз.","Пескоструйная обработка штампованных дисков / 17,5 дюймов, груз.","Ремонт штампованных ","17,5 дюймов, груз.",1,1,0,0,0,0,0,0,0
301,436,1,"Алюминиевые","Грузики / Алюминиевые","Грузик","Алюминиевый",1,1,0,0,0,0,0,0,0
302,436,1,"Грузик-липучка (пластины)","Грузики / Грузик-липучка (пластины)","Грузик","Грузик-липучка (плас",1,1,0,0,0,0,0,0,0
303,436,1,"Грузик-липучка (грамм)","Грузики / Грузик-липучка (грамм)","Грузик","Грузик-липучка (грам",1,1,0,0,0,0,0,0,0
306,437,2,"15 дюймов","Низкопрофильная балансировка / 15 дюймов","Низкопрофильная бала","15 дюймов",1,1,0,0,0,0,0,0,0
307,437,2,"16 дюймов","Низкопрофильная балансировка / 16 дюймов","Низкопрофильная бала","16 дюймов",1,1,0,0,0,0,0,0,0
308,437,2,"17 дюймов","Низкопрофильная балансировка / 17 дюймов","Низкопрофильная бала","17 дюймов",1,1,0,0,0,0,0,0,0
309,437,2,"18 дюймов","Низкопрофильная балансировка / 18 дюймов","Низкопрофильная бала","18 дюймов",1,1,0,0,0,0,0,0,0
310,437,2,"19 дюймов","Низкопрофильная балансировка / 19 дюймов","Низкопрофильная бала","19 дюймов",1,1,0,0,0,0,0,0,0
311,437,2,"20 дюймов","Низкопрофильная балансировка / 20 дюймов","Низкопрофильная бала","20 дюймов",1,1,0,0,0,0,0,0,0
312,437,2,"21 дюйм","Низкопрофильная балансировка / 21 дюйм","Низкопрофильная бала","21 дюйм",1,1,0,0,0,0,0,0,0
313,437,2,"22 дюйма, Hummer","Низкопрофильная балансировка / 22 дюйма, Hummer","Низкопрофильная бала","22 дюйма, Hummer",1,1,0,0,0,0,0,0,0
314,438,2,"15 дюймов","Низкопрофильная перебортовка / 15 дюймов","Низкопрофильная пере","15 дюймов",1,1,0,0,0,0,0,0,0
315,438,2,"16 дюймов","Низкопрофильная перебортовка / 16 дюймов","Низкопрофильная пере","16 дюймов",1,1,0,0,0,0,0,0,0
316,438,2,"17 дюймов","Низкопрофильная перебортовка / 17 дюймов","Низкопрофильная пере","17 дюймов",1,1,0,0,0,0,0,0,0
317,438,2,"18 дюймов","Низкопрофильная перебортовка / 18 дюймов","Низкопрофильная пере","18 дюймов",1,1,0,0,0,0,0,0,0
318,438,2,"19 дюймов","Низкопрофильная перебортовка / 19 дюймов","Низкопрофильная пере","19 дюймов",1,1,0,0,0,0,0,0,0
319,438,2,"20 дюймов","Низкопрофильная перебортовка / 20 дюймов","Низкопрофильная пере","20 дюймов",1,1,0,0,0,0,0,0,0
320,438,2,"21 дюйм","Низкопрофильная перебортовка / 21 дюйм","Низкопрофильная пере","21 дюйм",1,1,0,0,0,0,0,0,0
321,438,2,"22 дюйма, Hummer","Низкопрофильная перебортовка / 22 дюйма, Hummer","Низкопрофильная пере","22 дюйма, Hummer",1,1,0,0,0,0,0,0,0
322,439,2,"15 дюймов","Низкопрофильная разбортовка / 15 дюймов","Низкопрофильная разб","15 дюймов",1,1,0,0,0,0,0,0,0
323,439,2,"16 дюймов","Низкопрофильная разбортовка / 16 дюймов","Низкопрофильная разб","16 дюймов",1,1,0,0,0,0,0,0,0
324,439,2,"17 дюймов","Низкопрофильная разбортовка / 17 дюймов","Низкопрофильная разб","17 дюймов",1,1,0,0,0,0,0,0,0
325,439,2,"18 дюймов","Низкопрофильная разбортовка / 18 дюймов","Низкопрофильная разб","18 дюймов",1,1,0,0,0,0,0,0,0
326,439,2,"19 дюймов","Низкопрофильная разбортовка / 19 дюймов","Низкопрофильная разб","19 дюймов",1,1,0,0,0,0,0,0,0
327,439,2,"20 дюймов","Низкопрофильная разбортовка / 20 дюймов","Низкопрофильная разб","20 дюймов",1,1,0,0,0,0,0,0,0
328,439,2,"21 дюйм","Низкопрофильная разбортовка / 21 дюйм","Низкопрофильная разб","21 дюйм",1,1,0,0,0,0,0,0,0
329,439,2,"22 дюйма, Hummer","Низкопрофильная разбортовка / 22 дюйма, Hummer","Низкопрофильная разб","22 дюйма, Hummer",1,1,0,0,0,0,0,0,0
330,440,2,"15 дюймов","Низкопрофильная забортовка / 15 дюймов","Низкопрофильная забо","15 дюймов",1,1,0,0,0,0,0,0,0
331,440,2,"16 дюймов","Низкопрофильная забортовка / 16 дюймов","Низкопрофильная забо","16 дюймов",1,1,0,0,0,0,0,0,0
332,440,2,"17 дюймов","Низкопрофильная забортовка / 17 дюймов","Низкопрофильная забо","17 дюймов",1,1,0,0,0,0,0,0,0
333,440,2,"18 дюймов","Низкопрофильная забортовка / 18 дюймов","Низкопрофильная забо","18 дюймов",1,1,0,0,0,0,0,0,0
334,440,2,"19 дюймов","Низкопрофильная забортовка / 19 дюймов","Низкопрофильная забо","19 дюймов",1,1,0,0,0,0,0,0,0
335,440,2,"20 дюймов","Низкопрофильная забортовка / 20 дюймов","Низкопрофильная забо","20 дюймов",1,1,0,0,0,0,0,0,0
336,440,2,"21 дюйм","Низкопрофильная забортовка / 21 дюйм","Низкопрофильная забо","21 дюйм",1,1,0,0,0,0,0,0,0
337,440,2,"22 дюйма, Hummer","Низкопрофильная забортовка / 22 дюйма, Hummer","Низкопрофильная забо","22 дюйма, Hummer",1,1,0,0,0,0,0,0,0
343,441,2,"13 дюймов","Покраска штампованных дисков / 13 дюймов","Покраска штампованны","13 дюймов",1,1,0,0,0,0,0,0,0
344,441,2,"14 дюймов","Покраска штампованных дисков / 14 дюймов","Покраска штампованны","14 дюймов",1,1,0,0,0,0,0,0,0
345,441,2,"15 дюймов","Покраска штампованных дисков / 15 дюймов","Покраска штампованны","15 дюймов",1,1,0,0,0,0,0,0,0
346,441,2,"16 дюймов","Покраска штампованных дисков / 16 дюймов","Покраска штампованны","16 дюймов",1,1,0,0,0,0,0,0,0
347,441,2,"""Газель"", ""Соболь""","Покраска штампованных дисков / ""Газель"", ""Соболь""","Покраска штампованны","""Газель"", ""Соболь""",1,1,0,0,0,0,0,0,0
348,442,2,"13 дюймов","Покраска штампованных дисков хромом / 13 дюймов","Покраска штампованны","13 дюймов",1,1,0,0,0,0,0,0,0
349,442,2,"14 дюймов","Покраска штампованных дисков хромом / 14 дюймов","Покраска штампованны","14 дюймов",1,1,0,0,0,0,0,0,0
350,442,2,"15 дюймов","Покраска штампованных дисков хромом / 15 дюймов","Покраска штампованны","15 дюймов",1,1,0,0,0,0,0,0,0
351,442,2,"16 дюймов","Покраска штампованных дисков хромом / 16 дюймов","Покраска штампованны","16 дюймов",1,1,0,0,0,0,0,0,0
352,444,2,"Легковые","Подкачка колёс / Легковые","Подкачка колёс","null",1,1,0,0,0,0,0,0,0
353,444,2,"Со снятием колпака","Подкачка колёс / Со снятием колпака","Подкачка колёс","null",1,1,0,0,0,0,0,0,0
354,444,2,"""Газель"", грузовые","Подкачка колёс / ""Газель"", грузовые","Подкачка колёс","null",1,1,0,0,0,0,0,0,0
357,449,2,"140 шипов","null","Шиповка с подготовко","null",1,1,0,0,0,0,0,0,0
356,448,2,"140 шипов","null","Шиповка ручная","null",1,1,0,0,0,0,0,0,0
358,451,2,"Съём колеса, ""Газель""","Съём перднего/заднего наружного колеса, ""Газель""","Съём перднего/заднег","",1,1,0,0,0,0,0,0,0
370,462,2,"Съём заднего внутреннего колеса, ""Газель""","Съём заднего внутреннего колеса, ""Газель""","Съём заднего внутрен","",1,1,0,0,0,0,0,0,0
360,445,2,"Мойка колеса","Мойка колеса / Мойка колеса","Мойка колеса","null",1,1,0,0,0,0,0,0,0
361,460,2,"12-22 дюйма","Чистка дисков / 12-22 дюйма","Чистка дисков","null",1,1,0,0,0,0,0,0,0
362,457,2,"Утилизация покрышки","Утилизация покрышек","Утилизация покрышек","",1,1,0,0,0,0,0,0,0
363,458,2,"140 шипов","Шиповка ручная / 140 шипов","Шиповка ручная","140 шипов",1,1,0,0,0,0,0,0,0
364,459,2,"140 шипов","Шиповка с подготовкой отверстий / 140 шипов","Шиповка с подготовко","140 шипов",1,1,0,0,0,0,0,0,0
365,450,2,"4 шпильки","Монтаж колеса / 4 шпильки","Монтаж колеса","4 шпильки",1,1,0,0,0,0,0,0,0
366,450,2,"5 шпилек","Монтаж колеса / 5 шпилек","Монтаж колеса","5 шпилек",1,1,0,0,0,0,0,0,0
367,450,2,"6 шпилек","Монтаж колеса / 6 шпилек","Монтаж колеса","6 шпилек",1,1,0,0,0,0,0,0,0
368,450,2,"Джип","Монтаж колеса / Джип","Монтаж колеса","Джип",1,1,0,0,0,0,0,0,0
369,450,2,"Hummer","Монтаж колеса / Hummer","Монтаж колеса","Hummer",1,1,0,0,0,0,0,0,0
371,463,2,"Съём заднего наружного колеса с футеркой","Съём заднего наружного колеса с футеркой","Съём заднего наружно","",1,1,0,0,0,0,0,0,0
372,464,2,"Съём заднего внутреннего колеса с футеркой","Съём заднего внутреннего колеса с футеркой","Съём заднего внутрен","",1,1,0,0,0,0,0,0,0
373,461,2,"13-20 дюймов","Правка и вытяжка легкосплавных дисков / 13-20 дюймов","Правка и вытяжка лег","13-20 дюймов",1,1,0,0,0,0,0,0,0
374,454,2,"13 дюймов","Ремонт колеса с одним проколом / 13 дюймов","Ремонт колеса с одни","13 дюймов",1,1,0,0,0,0,0,0,0
375,454,2,"14 дюймов","Ремонт колеса с одним проколом / 14 дюймов","Ремонт колеса с одни","14 дюймов",1,1,0,0,0,0,0,0,0
376,454,2,"15 дюймов, ""Нива"", ""Волга""","Ремонт колеса с одним проколом / 15 дюймов, ""Нива""","Ремонт колеса с одни","15 дюймов, ""Нива""",1,1,0,0,0,0,0,0,0
377,454,2,"16 дюймов","Ремонт колеса с одним проколом / 16 дюймов","Ремонт колеса с одни","16 дюймов",1,1,0,0,0,0,0,0,0
378,454,2,"""Газель"", УАЗ, ""Соболь""","Ремонт колеса с одним проколом / ""Газель"", УАЗ, ""Соболь""","Ремонт колеса с одни","""Газель"", УАЗ, ""Собо",1,1,0,0,0,0,0,0,0
379,454,2,"Груз. с кольцом","Ремонт колеса с одним проколом / Груз. с кольцом","Ремонт колеса с одни","Груз. с кольцом",1,1,0,0,0,0,0,0,0
380,455,2,"Сложный ремонт колеса с одним проколом","Сложный ремонт колеса с одним проколом / Сложный ремонт колеса с одним проколом","Сложный ремонт колес","null",1,1,0,0,0,0,0,0,0
381,456,2,"Проверка камеры на герметичность","Проверка камеры на герметичность","Проверка камеры на","герметичность",1,1,0,0,0,0,0,0,0
383,465,2,"Легковой","Заклейка камеры / Легковой","Заклейка камеры","Легковой",1,1,0,0,0,0,0,0,0
384,466,2,"Заклейка камеры грузового автомобиля","Заклейка камеры груз. автомобиля / Заклейка камеры грузового автомобиля","Заклейка камеры груз","null",1,1,0,0,0,0,0,0,0
385,467,2,"Приварка легкового вентиля к камере","Приварка вентиля к камере / Приварка легкового вентиля к камере","Приварка легкового","вентиля к камере",1,1,0,0,0,0,0,0,0
386,468,2,"Приварка грузового вентиля к камере","Приварка грузового вентиля к камере / Приварка грузового вентиля к камере","Приварка грузового в","null",1,1,0,0,0,0,0,0,0
387,469,2,"Проверка б/к колеса на герметичность","Проверка б/к колеса на герметичность","Проверка колеса на","герметичность",1,1,0,0,0,0,0,0,0
388,416,1,"Колпачок","Расходные материалы / Колпачок","Расходные материалы","Колпачок",1,1,0,0,0,0,0,0,0
389,429,2,"Дополнительный прокол","Ремонт б/к покрышки по протектору / Дополнительный прокол","Ремонт б/к покрышки ","Дополнительный проко",1,1,0,0,0,0,0,0,0
390,430,2,"Дополнительный прокол","Низкопроф. ремонт б/к покрышки по протектору / Дополнительный прокол","Низкопроф. ремонт б/","Дополнительный проко",1,1,0,0,0,0,0,0,0
391,454,2,"Дополнительный прокол","Ремонт колеса с одним проколом / Дополнительный прокол","Ремонт колеса с одни","Дополнительный проко",1,1,0,0,0,0,0,0,0
392,472,2,"Проверка балансировки","Проверка балансировки / Проверка балансировки","Проверка балансировк","null",1,1,0,0,0,0,0,0,0
393,473,2,"Сложный ремонт колеса","Сложный ремонт колеса","Сложный ремонт колес","",1,1,0,0,0,0,0,0,0
394,467,2,"Приварка грузового вентиля","Приварка вентиля к камере / Приварка грузового вентиля","Приварка грузового","вентиля к камере",1,1,0,0,0,0,0,0,0
395,465,2,"Грузовой","Заклейка камеры / Грузовой","Заклейка камеры","Грузовой",1,1,0,0,0,0,0,0,0
396,474,2,"Шиномонтажные услуги","Шиномонтажные услуги","Шиномонтажные услуги","",1,1,0,0,0,0,0,0,0
397,475,2,"Мойка колеса","Мойка колеса","Мойка колеса","",1,1,0,0,0,0,0,0,0
398,476,2,"12-22 дюйма","Чистка дисков / 12-22 дюйма","Чистка дисков","12-22 дюйма",1,1,0,0,0,0,0,0,0
399,477,2,"Легковые","Подкачка колеса / Легковые","Подкачка колеса","Легковые",1,1,0,0,0,0,0,0,0
400,477,2,"Со снятием колпака","Подкачка колеса / Со снятием колпака","Подкачка колеса","Со снятием колпака",1,1,0,0,0,0,0,0,0
401,477,2,"""Газель"", грузовые","Подкачка колеса / ""Газель"", грузовые","Подкачка колеса","""Газель"", грузовые",1,1,0,0,0,0,0,0,0
402,435,2,"Проверка балансировки","Балансировка / Проверка балансировки","Балансировка","Проверка балансировк",1,1,0,0,0,0,0,0,0
403,437,2,"Проверка балансировки","Низкопрофильная балансировка / Проверка балансировки","Низкопрофильная бала","Проверка балансировк",1,1,0,0,0,0,0,0,0
404,478,2,"Легковое","Подкачка колёс / Легковое","Подкачка колёс","Легковое",1,1,0,0,0,0,0,0,0
405,478,2,"Со снятием колпака","Подкачка колёс / Со снятием колпака","Подкачка колёс","Со снятием колпака",1,1,0,0,0,0,0,0,0
406,478,2,"""Газель"", грузовое","Подкачка колёс / ""Газель"", грузовое","Подкачка колёс","""Газель"", грузовое",1,1,0,0,0,0,0,0,0
409,479,2,"13 дюймов","Обмен штампованных дисков / 13 дюймов","Обмен штампованных д","13 дюймов",1,1,0,0,0,0,0,0,0
410,479,2,"14 дюймов","Обмен штампованных дисков / 14 дюймов","Обмен штампованных д","14 дюймов",1,1,0,0,0,0,0,0,0
411,479,2,"15 дюймов","Обмен штампованных дисков / 15 дюймов","Обмен штампованных д","15 дюймов",1,1,0,0,0,0,0,0,0
412,479,2,"16 дюймов","Обмен штампованных дисков / 16 дюймов","Обмен штампованных д","16 дюймов",1,1,0,0,0,0,0,0,0
413,479,2,"""Газель"", ""Соболь""","Обмен штампованных дисков / ""Газель"", ""Соболь""","Обмен штампованных д","""Газель"", ""Соболь""",1,1,0,0,0,0,0,0,0
414,477,2,"Велосипед","Подкачка колеса / Велосипед","Подкачка колеса","Велосипед",1,1,0,0,0,0,0,0,0
